product_id,discounted_price,Order ID,date
B07JW9H4J1,399.0,ORD1,2024-11-15
B098NS6PVG,199.0,ORD2,2024-07-13
B096MSW6CT,199.0,ORD3,2026-05-01
B08HDJ86NZ,329.0,ORD4,2025-04-15
B08CF3B7N1,154.0,ORD5,2025-02-02
B08Y1TFSP6,149.0,ORD6,2026-10-15
B08WRWPM22,176.63,ORD7,2025-10-30
B08DDRGWTJ,229.0,ORD8,2023-10-05
B008IFXQFU,499.0,ORD9,2024-08-22
B082LZGK39,199.0,ORD10,2025-12-30
B08CF3D7QR,154.0,ORD11,2024-08-23
B0789LZTCJ,299.0,ORD12,2026-11-21
B07KSMBL2H,219.0,ORD13,2023-11-11
B085DTN6R2,350.0,ORD14,2024-12-06
B09KLVMZ3B,159.0,ORD15,2024-07-05
B083342NKJ,349.0,ORD16,2023-03-29
B0B6F7LX4C,13999.0,ORD17,2023-06-24
B082LSVT4B,249.0,ORD18,2025-04-29
B08WRBG3XW,199.0,ORD19,2024-06-21
B08DPLCM6T,13490.0,ORD20,2025-04-25
B09C6HXFC1,970.0,ORD21,2023-03-14
B085194JFL,279.0,ORD22,2025-02-16
B09F6S8BT6,13490.0,ORD23,2023-04-26
B09NHVCHS9,59.0,ORD24,2025-09-03
B0B1YVCJ2Y,11499.0,ORD25,2025-01-25
B01M4GGIVU,199.0,ORD26,2026-12-26
B08B42LWKN,14999.0,ORD27,2024-03-24
B094JNXNPV,299.0,ORD28,2025-04-30
B09W5XR9RT,970.0,ORD29,2023-04-10
B077Z65HSD,299.0,ORD30,2026-04-16
B00NH11PEY,199.0,ORD31,2025-01-25
B09CMM3VGK,179.0,ORD32,2025-03-08
B08QSC1XY8,389.0,ORD33,2024-10-21
B008FWZGSG,599.0,ORD34,2026-03-17
B0B4HJNPV4,199.0,ORD35,2025-06-29
B08Y1SJVV5,99.0,ORD36,2024-02-28
B07XLCFSSN,899.0,ORD37,2026-08-05
B09RZS1NQT,199.0,ORD38,2026-07-13
B0B3MMYHYW,32999.0,ORD39,2024-11-28
B09C6HWG18,970.0,ORD40,2024-10-01
B00NH11KIK,209.0,ORD41,2024-06-28
B09JPC82QC,19999.0,ORD42,2024-06-27
B07JW1Y6XV,399.0,ORD43,2024-12-15
B07KRCW6LZ,999.0,ORD44,2023-09-02
B09NJN8L25,59.0,ORD45,2023-06-01
B07XJYYH7L,333.0,ORD46,2024-11-06
B002PD61Y4,507.0,ORD47,2024-05-25
B014I8SSD0,309.0,ORD48,2025-06-01
B09L8DSSFH,399.0,ORD49,2026-04-22
B07232M876,199.0,ORD50,2023-01-29
B07P681N66,1199.0,ORD51,2025-03-13
B0711PVX6Z,179.0,ORD52,2023-05-09
B082T6V3DT,799.0,ORD53,2023-05-09
B07MKFNHKG,6999.0,ORD54,2025-12-13
B0BFWGBX61,199.0,ORD55,2025-01-26
B01N90RZ4M,230.0,ORD56,2023-10-01
B0088TKTY2,649.0,ORD57,2023-12-02
B09Q5SWVBJ,15999.0,ORD58,2024-01-24
B0B4DT8MKT,348.0,ORD59,2025-12-02
B08CDKQ8T6,154.0,ORD60,2024-06-27
B07B275VN9,179.0,ORD61,2025-06-07
B0B15CPR37,32990.0,ORD62,2023-09-15
B0994GFWBH,139.0,ORD63,2026-09-07
B01GGKZ0V6,329.0,ORD64,2023-02-27
B09F9YQQ7B,13999.0,ORD65,2023-10-19
B014I8SX4Y,309.0,ORD66,2026-02-17
B09Q8HMKZX,263.0,ORD67,2025-02-18
B0B9XN9S3W,7999.0,ORD68,2024-03-06
B07966M8XH,1599.0,ORD69,2026-01-11
B01GGKYKQM,219.0,ORD70,2023-04-02
B0B86CDHL1,349.0,ORD71,2024-02-03
B0B5ZF3NRK,349.0,ORD72,2024-09-03
B09RFC46VP,26999.0,ORD73,2025-06-27
B08R69VDHT,115.0,ORD74,2024-09-25
B09RWZRCP1,399.0,ORD75,2023-03-26
B09CMP1SC8,199.0,ORD76,2023-07-23
B09YLXYP7Y,179.0,ORD77,2023-11-21
B09ZPM4C2C,10901.0,ORD78,2025-02-13
B0B2DJDCPX,209.0,ORD79,2025-08-22
B0BCZCQTJX,1434.0,ORD80,2025-12-07
B07LGT55SJ,399.0,ORD81,2024-10-01
B09NKZXMWJ,139.0,ORD82,2026-03-01
B08QX1CC14,7299.0,ORD83,2025-08-30
B0974H97TJ,299.0,ORD84,2025-05-18
B07GVGTSLN,325.0,ORD85,2026-04-19
B09VCHLSJF,29999.0,ORD86,2026-03-13
B0B1YZX72F,27999.0,ORD87,2026-06-05
B092BJMT8Q,30990.0,ORD88,2025-08-12
B0BMXMLSMM,199.0,ORD89,2025-03-02
B07JH1C41D,649.0,ORD90,2024-12-20
B0141EZMAI,269.0,ORD91,2025-06-28
B09Q5P2MT3,24999.0,ORD92,2024-01-09
B08HDH26JX,299.0,ORD93,2024-07-14
B09VT6JKRP,199.0,ORD94,2026-08-22
B09T3KB6JZ,18990.0,ORD95,2023-06-19
B093QCY6YJ,290.0,ORD96,2026-01-24
B093ZNQZ2Y,249.0,ORD97,2026-05-06
B08LKS3LSP,345.0,ORD98,2023-09-14
B00V4BGDKU,1099.0,ORD99,2026-08-09
B08CHKQ8D4,719.0,ORD100,2025-03-27
B09BW334ML,349.0,ORD101,2024-01-23
B082T6GVLJ,849.0,ORD102,2025-08-31
B07DL1KC3H,299.0,ORD103,2024-01-04
B0B6F98KJJ,21999.0,ORD104,2025-07-06
B07JNVF678,349.0,ORD105,2023-07-21
B09QGZFBPM,399.0,ORD106,2024-01-19
B07JGDB5M1,449.0,ORD107,2024-01-06
B0981XSZJ7,299.0,ORD108,2024-07-09
B0B9XLX8VR,37999.0,ORD109,2025-08-12
B08Y5KXR6Z,99.0,ORD110,2026-11-08
B09F6VHQXB,7390.0,ORD111,2023-01-24
B0974G5Q2Y,273.1,ORD112,2023-05-11
B09YL9SN9B,15990.0,ORD113,2024-01-13
B09RX1FK54,399.0,ORD114,2023-04-09
B09TT6BFDX,399.0,ORD115,2025-07-20
B09KH58JZR,210.0,ORD116,2025-01-04
B09DDCQFMT,1299.0,ORD117,2023-05-04
B08RP2L2NL,347.0,ORD118,2024-08-17
B0B4G2MWSB,149.0,ORD119,2025-01-09
B0B21C4BMX,228.0,ORD120,2026-03-18
B084MZXJNK,1599.0,ORD121,2023-07-29
B0BHZCNC4P,1499.0,ORD122,2024-07-16
B0B16KD737,8499.0,ORD123,2026-12-06
B099K9ZX65,20990.0,ORD124,2025-02-21
B08Y55LPBF,32999.0,ORD125,2025-12-01
B015OW3M1W,799.0,ORD126,2025-12-18
B01D5H8ZI8,229.0,ORD127,2024-12-06
B09X1M3DHX,9999.0,ORD128,2025-11-26
B09MM6P76N,349.0,ORD129,2025-02-17
B01D5H8LDM,489.0,ORD130,2023-03-28
B0B1YY6JJL,23999.0,ORD131,2025-12-03
B09QGZM8QB,399.0,ORD132,2025-05-22
B08L4SBJRY,349.0,ORD133,2023-01-12
B09X79PP8F,179.0,ORD134,2025-02-09
B082T6GVG9,689.0,ORD135,2023-11-04
B0B3XY5YT4,30990.0,ORD136,2026-01-09
B0B4HKH19N,249.0,ORD137,2023-02-02
B08TGG316Z,999.0,ORD138,2026-04-21
B071VMP1Z4,399.0,ORD139,2026-02-26
B071SDRGWL,349.0,ORD140,2025-03-17
B08PSQRW2T,399.0,ORD141,2023-10-03
B0859M539M,1699.0,ORD142,2026-04-13
B08RX8G496,655.0,ORD143,2026-10-27
B002SZEOLG,749.0,ORD144,2026-04-23
B08CS3BT4L,9999.0,ORD145,2024-03-20
B00RFWNJMC,195.0,ORD146,2024-05-03
B082T6GXS5,999.0,ORD147,2023-10-14
B09CMQRQM6,499.0,ORD148,2026-07-28
B005LJQMCK,416.0,ORD149,2024-09-29
B09C6H53KH,368.0,ORD150,2025-02-09
B0BB3CBFBM,29990.0,ORD151,2023-04-05
B08QSDKFGQ,339.0,ORD152,2026-06-04
B08PV1X771,15490.0,ORD153,2026-07-17
B07YTNKVJQ,499.0,ORD154,2023-10-24
B0117H7GZ6,249.0,ORD155,2026-09-14
B09XJ1LM7R,399.0,ORD156,2025-11-09
B084N133Y7,1499.0,ORD157,2024-08-30
B088Z1YWBC,9490.0,ORD158,2026-12-05
B07VSG5SXZ,637.0,ORD159,2024-03-26
B08RWCZ6SY,399.0,ORD160,2026-06-26
B07KSB1MLX,1089.0,ORD161,2023-06-30
B081FG1QYX,339.0,ORD162,2023-11-20
B08R69WBN7,149.0,ORD163,2025-10-01
B0B3RHX6B6,149.0,ORD164,2026-07-08
B084N18QZY,599.0,ORD165,2025-01-19
B081NHWT6Z,299.0,ORD166,2023-05-20
B07JPJJZ2H,399.0,ORD167,2025-10-17
B09JKNF147,339.0,ORD168,2024-08-21
B0B9959XF3,12499.0,ORD169,2025-06-08
B09PNR6F8Q,249.0,ORD170,2025-04-23
B07M69276N,1399.0,ORD171,2024-11-27
B0B1YZ9CB8,32999.0,ORD172,2026-03-22
B09YLYB9PB,149.0,ORD173,2025-07-14
B08CTNJ985,325.0,ORD174,2023-05-30
B0BP7XLX48,399.0,ORD175,2026-02-08
B09LHXNZLR,199.0,ORD176,2023-01-26
B0B3N8VG24,88.0,ORD177,2025-08-14
B08PSVBB2X,399.0,ORD178,2025-06-05
B0B3MQXNFB,57.89,ORD179,2026-02-15
B08XMSKKMM,799.0,ORD180,2024-11-04
B09L8DT7D6,205.0,ORD181,2025-07-17
B00GE55L22,299.0,ORD182,2026-06-06
B0162K34H2,849.0,ORD183,2025-02-02
B0B8SRZ5SV,949.0,ORD184,2023-05-02
B07CWNJLPC,499.0,ORD185,2026-09-12
B00NH12R1O,299.0,ORD186,2024-04-14
B0B8SSC5D9,949.0,ORD187,2023-10-15
B08WKG2MWT,379.0,ORD188,2024-06-09
B0B466C3G4,8990.0,ORD189,2026-03-22
B005LJQMZC,486.0,ORD190,2024-08-14
B07MDRGHWQ,5699.0,ORD191,2023-02-11
B07DC4RZPY,709.0,ORD192,2023-10-02
B0B15GSPQW,47990.0,ORD193,2027-01-02
B08GJNM9N7,299.0,ORD194,2023-07-27
B09C6FML9B,320.0,ORD195,2025-02-18
B0B65MJ45G,139.0,ORD196,2023-06-16
B08P9RYPLR,129.0,ORD197,2023-04-22
B0B6F8HHR6,24999.0,ORD198,2026-10-05
B084MZXJN6,999.0,ORD199,2026-02-27
B08XMG618K,225.0,ORD200,2025-01-05
B0BCKWZ884,547.0,ORD201,2025-03-23
B00GGGOYEK,259.0,ORD202,2023-08-05
B07ZR4S1G4,239.0,ORD203,2026-11-06
B09C635BMM,349.0,ORD204,2023-01-25
B00GG59HU2,467.0,ORD205,2023-03-09
B00RGLI0ZS,449.0,ORD206,2025-09-05
B09ZPJT8B2,11990.0,ORD207,2025-10-04
B07HZ2QCGR,350.0,ORD208,2023-08-23
B095244Q22,252.0,ORD209,2023-10-19
B08CKW1KH9,204.0,ORD210,2025-10-19
B0BLV1GNLN,6490.0,ORD211,2024-12-02
B08RHPDNVV,235.0,ORD212,2024-12-28
B00NH13Q8W,299.0,ORD213,2024-07-09
B0B8SSZ76F,799.0,ORD214,2023-02-02
B0841KQR1Z,299.0,ORD215,2025-11-01
B0B467CCB9,6999.0,ORD216,2023-08-01
B095JQVC7N,42999.0,ORD217,2026-03-08
B08PPHFXG3,173.0,ORD218,2026-12-16
B06XR9PR5X,209.0,ORD219,2024-09-15
B09JSW16QD,848.99,ORD220,2025-02-09
B07JH1CBGW,649.0,ORD221,2026-05-26
B09127FZCK,299.0,ORD222,2024-10-25
B083GQGT3Z,399.0,ORD223,2025-04-01
B09Q8WQ5QJ,249.0,ORD224,2023-11-04
B07YZG8PPY,1249.0,ORD225,2026-04-13
B09H39KTTB,213.0,ORD226,2026-03-18
B08DCVRW98,209.0,ORD227,2025-08-07
B0718ZN31Q,598.0,ORD228,2024-07-01
B0162LYSFS,799.0,ORD229,2025-03-18
B07PFJ5VQD,159.0,ORD230,2026-11-18
B01J8S6X2I,499.0,ORD231,2023-03-15
B09MJ77786,31999.0,ORD232,2023-10-25
B09NNGHG22,32990.0,ORD233,2025-07-08
B07V5YF4ND,299.0,ORD234,2024-12-31
B0B65P827P,128.31,ORD235,2025-05-26
B084MZYBTV,599.0,ORD236,2025-02-16
B097ZQTDVZ,399.0,ORD237,2026-11-19
B0B5F3YZY4,449.0,ORD238,2024-03-05
B09G5TSGXV,254.0,ORD239,2023-07-19
B006LW0WDQ,399.0,ORD240,2026-12-18
B09YLX91QR,179.0,ORD241,2025-12-21
B081FJWN52,339.0,ORD242,2023-12-08
B0758F7KK7,399.0,ORD243,2025-05-15
B09L835C3V,199.0,ORD244,2025-12-04
B098TV3L96,349.0,ORD245,2025-03-13
B08NCKT9FG,299.0,ORD246,2026-01-17
B0B4T6MR8N,89.0,ORD247,2023-02-03
B01GGKZ4NU,549.0,ORD248,2024-10-07
B09BW2GP18,129.0,ORD249,2023-08-21
B09WN3SRC7,77990.0,ORD250,2025-02-06
B09B125CFJ,349.0,ORD251,2023-02-06
B09RQRZW2X,499.0,ORD252,2023-10-18
B07924P3C5,299.0,ORD253,2023-07-17
B08N1WL9XW,182.0,ORD254,2025-06-13
B07VVXJ2P5,96.0,ORD255,2026-07-02
B0BC8BQ432,54990.0,ORD256,2026-01-09
B06XFTHCNY,439.0,ORD257,2023-05-17
B08CT62BM1,299.0,ORD258,2023-07-09
B07CRL2GY6,299.0,ORD259,2023-05-10
B07DWFX9YS,789.0,ORD260,2023-07-29
B01D5H90L4,299.0,ORD261,2026-10-24
B07F1P8KNV,325.0,ORD262,2023-10-19
B084N1BM9L,1299.0,ORD263,2026-11-01
B09F6D21BY,790.0,ORD264,2026-10-03
B09LQQYNZQ,4699.0,ORD265,2023-06-18
B0BC9BW512,18999.0,ORD266,2025-03-15
B0B61HYR92,199.0,ORD267,2023-06-26
B075ZTJ9XR,269.0,ORD268,2023-11-20
B0978V2CP6,1990.0,ORD269,2024-05-23
B09LRZYBH1,2299.0,ORD270,2025-03-14
B0B997FBZT,35999.0,ORD271,2026-02-12
B098LCVYPW,349.0,ORD272,2025-11-19
B09HV71RL1,719.0,ORD273,2026-08-06
B08PZ6HZLT,8999.0,ORD274,2023-05-27
B075TJHWVC,917.0,ORD275,2026-07-21
B09LV13JFB,399.0,ORD276,2023-08-10
B092BL5DCX,45999.0,ORD277,2023-12-07
B09VH568H7,119.0,ORD278,2024-05-24
B09HQSV46W,21999.0,ORD279,2024-05-29
B08TZD7FQN,299.0,ORD280,2023-03-11
B0B21XL94T,21990.0,ORD281,2026-10-13
B09PTT8DZF,417.44,ORD282,2025-06-27
B0B94JPY2N,199.0,ORD283,2024-07-10
B0B3XXSB1K,47990.0,ORD284,2025-06-04
B08RZ12GKR,215.0,ORD285,2025-02-04
B0B4T8RSJ1,99.0,ORD286,2026-09-08
B0B7B9V9QP,18999.0,ORD287,2023-04-02
B08XXVXP3J,249.0,ORD288,2026-09-27
B06XGWRKYT,7999.0,ORD289,2024-02-28
B07CWDX49D,649.0,ORD290,2026-12-09
B09TY4MSH3,1289.0,ORD291,2024-12-11
B07RY2X9MP,609.0,ORD292,2025-08-25
B0B2C5MJN6,32990.0,ORD293,2023-10-02
B0BBMGLQDW,599.0,ORD294,2025-05-10
B01LONQBDG,349.0,ORD295,2023-02-13
B08XXF5V6G,29999.0,ORD296,2026-01-12
B09HK9JH4F,199.0,ORD297,2024-03-09
B09MMD1FDN,349.0,ORD298,2025-03-20
B09HN7LD5L,1850.0,ORD299,2023-04-04
B0BNDD9TN6,13990.0,ORD300,2026-04-13
B0941392C8,129.0,ORD301,2026-11-30
B01M5967SY,379.0,ORD302,2023-07-21
B016MDK4F4,185.0,ORD303,2024-05-13
B08G43CCLC,218.0,ORD304,2024-04-25
B0B61GCHC1,199.0,ORD305,2023-11-26
B07RX14W1Q,499.0,ORD306,2023-07-29
B09PLD9TCD,26999.0,ORD307,2024-09-09
B0B8ZKWGKD,893.0,ORD308,2025-11-06
B09NNJ9WYM,10990.0,ORD309,2023-04-17
B08H5L8V1L,379.0,ORD310,2023-06-14
B0B8CXTTG3,16999.0,ORD311,2024-08-29
B09HCH3JZG,699.0,ORD312,2024-09-20
B097JVLW3L,2699.0,ORD313,2026-04-30
B09SB6SJB4,129.0,ORD314,2026-05-04
B08NW8GHCJ,389.0,ORD315,2026-08-24
B09YHLPQYT,246.0,ORD316,2023-05-17
B08G1RW2Q3,299.0,ORD317,2025-08-10
B08YXJJW8H,247.0,ORD318,2025-05-09
B09P8M18QM,1369.0,ORD319,2026-01-22
B08BG4M4N7,199.0,ORD320,2025-01-20
B07VJ9ZTXS,299.0,ORD321,2026-01-16
B084872DQY,14999.0,ORD322,2023-06-10
B00GGGOYEU,299.0,ORD323,2023-05-28
B08FD2VSD9,24990.0,ORD324,2024-08-07
B0BQRJ3C47,249.0,ORD325,2024-03-31
B095JPKPH3,61999.0,ORD326,2026-01-16
B087JWLZ2K,24499.0,ORD327,2025-11-03
B09DSXK8JX,10499.0,ORD328,2026-08-31
B08V9C4B1J,349.0,ORD329,2026-02-18
B08PKBMJKS,197.0,ORD330,2025-08-09
B0B8VQ7KDS,1299.0,ORD331,2025-04-12
B086JTMRYL,1519.0,ORD332,2024-12-16
B09RWQ7YR6,46999.0,ORD333,2025-01-02
B00OFM6PEO,299.0,ORD334,2025-07-21
B0BF57RN3K,1799.0,ORD335,2023-10-09
B0B3RRWSF6,1998.0,ORD336,2025-03-11
B0B5B6PQCT,1999.0,ORD337,2026-12-21
B08HV83HL3,2049.0,ORD338,2024-04-15
B0BBN4DZBD,6499.0,ORD339,2026-08-01
B0B3CPQ5PF,28999.0,ORD340,2026-07-24
B0B3CQBRB4,28999.0,ORD341,2026-09-10
B0BBN56J5H,6499.0,ORD342,2026-06-05
B0BBN3WF7V,6499.0,ORD343,2025-06-09
B0BDRVFDKP,569.0,ORD344,2024-08-18
B0B5LVS732,1898.0,ORD345,2024-10-09
B09V2Q4QVQ,1299.0,ORD346,2024-07-27
B09V12K8NT,1499.0,ORD347,2024-10-15
B01DEWVZ2C,599.0,ORD348,2023-09-14
B0BMGB3CH9,9499.0,ORD349,2026-03-06
B08D77XZX5,599.0,ORD350,2026-05-16
B09XB8GFBQ,8999.0,ORD351,2024-04-08
B07WG8PDCW,349.0,ORD352,2026-03-09
B07GPXXNNG,349.0,ORD353,2025-10-25
B0BDYVC5TD,959.0,ORD354,2024-02-28
B0BMGB2TPR,9499.0,ORD355,2023-12-15
B08MC57J31,1499.0,ORD356,2025-07-30
B08HVL8QN3,1149.0,ORD357,2026-07-30
B0746JGVDS,349.0,ORD358,2024-08-09
B08VFF6JQ8,1219.0,ORD359,2025-10-03
B09NVPSCQT,1599.0,ORD360,2026-12-28
B09YV4RG4D,1499.0,ORD361,2026-05-28
B09TWHTBKQ,18499.0,ORD362,2025-03-30
B08L5HMJVW,369.0,ORD363,2025-01-09
B0B4F2XCK3,12999.0,ORD364,2025-05-23
B0BF54972T,1799.0,ORD365,2025-02-25
B09YV4MW2T,2199.0,ORD366,2026-10-29
B09TWH8YHM,16999.0,ORD367,2026-08-07
B07WGMMQGP,16499.0,ORD368,2024-03-13
B0BF563HB4,1799.0,ORD369,2025-10-17
B07JW9H4J1,399.0,ORD370,2025-02-25
B09GFPVD9Y,8499.0,ORD371,2025-07-30
B09GFLXVH9,6499.0,ORD372,2025-05-05
B0BF4YBLPX,1799.0,ORD373,2024-03-25
B09XB7DPW1,8999.0,ORD374,2026-09-12
B07PFJ5W31,139.0,ORD375,2025-12-13
B0B3N7LR6K,3999.0,ORD376,2025-03-27
B09ZQK9X8G,2998.0,ORD377,2026-01-23
B098NS6PVG,199.0,ORD378,2023-03-01
B07WJV6P1R,15499.0,ORD379,2023-12-03
B096MSW6CT,199.0,ORD380,2023-06-13
B0BF54LXW6,1799.0,ORD381,2025-08-03
B09XB7SRQ5,8999.0,ORD382,2026-02-04
B09FFK1PQG,873.0,ORD383,2023-07-21
B09RMQYHLH,12999.0,ORD384,2026-08-17
B08ZN4B121,539.0,ORD385,2025-06-08
B0B3RSDSZ3,1999.0,ORD386,2024-07-04
B08VB34KJ1,15490.0,ORD387,2025-11-03
B09T39K9YL,19999.0,ORD388,2025-06-22
B08VF8V79P,1075.0,ORD389,2025-10-13
B08G28Z33M,399.0,ORD390,2024-06-18
B09PNKXSKF,1999.0,ORD391,2024-05-19
B0B5DDJNH4,1999.0,ORD392,2026-05-18
B08HDJ86NZ,329.0,ORD393,2024-04-13
B08CF3B7N1,154.0,ORD394,2024-02-05
B07WDKLDRX,28999.0,ORD395,2025-12-16
B09MQSCJQ1,2299.0,ORD396,2025-06-01
B094YFFSMY,399.0,ORD397,2024-10-25
B09MT84WV5,1149.0,ORD398,2023-10-08
B08VS3YLRK,529.0,ORD399,2025-10-25
B0B4F3QNDM,13999.0,ORD400,2024-09-04
B07GQD4K6L,379.0,ORD401,2025-10-01
B07WDKLRM4,13999.0,ORD402,2023-11-02
B0BP18W8TM,3999.0,ORD403,2023-12-10
B08Y1TFSP6,149.0,ORD404,2023-06-03
B07GXHC691,99.0,ORD405,2026-10-09
B08FN6WGDQ,4790.0,ORD406,2023-12-24
B0B3D39RKV,33999.0,ORD407,2024-11-28
B085HY1DGR,99.0,ORD408,2024-02-12
B08D75R3Z1,299.0,ORD409,2026-12-06
B0B4F2TTTS,10999.0,ORD410,2025-11-19
B09WRMNJ9G,34999.0,ORD411,2025-07-18
B0B14MR9L1,16999.0,ORD412,2026-10-27
B09ZPL5VYM,199.0,ORD413,2024-09-23
B0993BB11X,999.0,ORD414,2025-08-05
B09V2PZDX8,1299.0,ORD415,2025-05-04
B085W8CFLH,599.0,ORD416,2024-05-17
B09MT6XSFW,599.0,ORD417,2023-01-08
B07RD611Z8,1799.0,ORD418,2024-09-09
B08WRWPM22,176.63,ORD419,2025-10-06
B0B4F52B5X,10999.0,ORD420,2023-05-18
B096VF5YYF,2999.0,ORD421,2024-11-25
B0B5D39BCD,1999.0,ORD422,2025-05-01
B08DDRGWTJ,229.0,ORD423,2026-11-01
B082LZGK39,199.0,ORD424,2025-07-21
B09XBJ1CTN,649.0,ORD425,2026-03-18
B0B4F5L738,13999.0,ORD426,2025-10-05
B08MTCKDYN,119.0,ORD427,2026-07-07
B09QS8V5N8,12999.0,ORD428,2023-05-07
B08CF3D7QR,154.0,ORD429,2024-07-31
B09T2WRLJJ,20999.0,ORD430,2025-03-15
B089WB69Y1,249.0,ORD431,2026-09-10
B0116MIKKC,99.0,ORD432,2025-09-03
B09P858DK8,489.0,ORD433,2023-04-23
B07DJLFMPS,369.0,ORD434,2024-10-12
B07WHQWXL7,15499.0,ORD435,2023-08-26
B07WDK3ZS6,15499.0,ORD436,2026-10-16
B09T2S8X9C,22999.0,ORD437,2025-09-17
B07S9S86BF,599.0,ORD438,2023-03-05
B07N8RQ6W7,134.0,ORD439,2024-03-30
B09FKDH6FS,7499.0,ORD440,2026-07-13
B08HVJCW95,1149.0,ORD441,2024-08-26
B09YDFDVNS,1324.0,ORD442,2024-09-15
B07WGPKTS4,13999.0,ORD443,2026-12-14
B0789LZTCJ,299.0,ORD444,2023-12-06
B09MZCQYHZ,999.0,ORD445,2026-07-22
B0B4F2ZWL3,12999.0,ORD446,2026-10-25
B08VB2CMR3,15490.0,ORD447,2023-08-15
B095RTJH1M,999.0,ORD448,2026-06-03
B097R25DP7,1599.0,ORD449,2025-06-27
B09YDFKJF8,1324.0,ORD450,2026-06-06
B07WDK3ZS2,20999.0,ORD451,2024-01-05
B08RZ5K9YH,999.0,ORD452,2026-02-26
B08444S68L,12490.0,ORD453,2025-03-18
B07WHQBZLS,17999.0,ORD454,2025-11-14
B085DTN6R2,350.0,ORD455,2024-11-29
B09JS562TP,1399.0,ORD456,2023-10-20
B09KLVMZ3B,159.0,ORD457,2023-12-22
B09V17S2BG,1499.0,ORD458,2025-04-17
B0B5CGTBKV,1999.0,ORD459,2023-05-15
B0B23LW7NV,999.0,ORD460,2023-01-04
B09KGV7WSV,2099.0,ORD461,2026-06-04
B0971DWFDT,337.0,ORD462,2025-06-08
B0BNV7JM5Y,2999.0,ORD463,2024-11-11
B0B53QFZPY,1299.0,ORD464,2024-03-20
B083342NKJ,349.0,ORD465,2026-12-12
B07WJWRNVK,16499.0,ORD466,2026-08-01
B01F25X6RQ,499.0,ORD467,2025-04-16
B09C6HXFC1,970.0,ORD468,2023-01-27
B0B244R4KB,999.0,ORD469,2025-01-06
B0BMGG6NKT,10499.0,ORD470,2023-09-06
B082LSVT4B,249.0,ORD471,2024-01-01
B092JHPL72,251.0,ORD472,2026-05-10
B08WRBG3XW,199.0,ORD473,2027-01-01
B09GFM8CGS,6499.0,ORD474,2023-07-17
B0B3MWYCHQ,2999.0,ORD475,2025-07-18
B09J2MM5C6,279.0,ORD476,2024-09-29
B07Q4QV1DL,269.0,ORD477,2024-08-29
B0B56YRBNT,8999.0,ORD478,2023-03-14
B09NHVCHS9,59.0,ORD479,2023-09-04
B01DF26V7A,599.0,ORD480,2025-05-02
B08K4PSZ3V,349.0,ORD481,2026-03-05
B0B4F1YC3J,13999.0,ORD482,2023-08-02
B08K4RDQ71,349.0,ORD483,2026-09-09
B085CZ3SR1,499.0,ORD484,2023-04-13
B09YV3K34W,2199.0,ORD485,2023-11-24
B09Z6WH2N1,95.0,ORD486,2024-08-18
B09NL4DJ2Z,139.0,ORD487,2026-06-01
B0BGSV43WY,4499.0,ORD488,2023-09-14
B0926V9CTV,89.0,ORD489,2026-10-03
B07WGPKMP5,15499.0,ORD490,2026-02-05
B0BBFJ9M3X,13999.0,ORD491,2025-07-15
B09PLFJ7ZW,1999.0,ORD492,2026-03-19
B0B53NXFFR,1399.0,ORD493,2026-11-17
B07GNC2592,599.0,ORD494,2023-01-01
B09TP5KBN7,199.0,ORD495,2026-10-16
B0949SBKMP,1799.0,ORD496,2024-11-22
B09V175NP7,1499.0,ORD497,2026-01-18
B07WHSJXLF,20999.0,ORD498,2026-01-03
B0BD3T6Z1D,12999.0,ORD499,2024-05-14
B09LHYZ3GJ,16999.0,ORD500,2025-01-08
B07WFPMGQQ,19999.0,ORD501,2024-09-27
B09QS9X9L8,12999.0,ORD502,2023-12-10
B0B6BLTGTT,2999.0,ORD503,2026-01-25
B077Z65HSD,299.0,ORD504,2025-05-01
B09W5XR9RT,970.0,ORD505,2023-10-10
B084DTMYWK,329.0,ORD506,2024-12-19
B0B53QLB9H,1299.0,ORD507,2023-02-02
B0BDYW3RN3,1989.0,ORD508,2026-02-13
B0B3RS9DNF,1999.0,ORD509,2024-03-30
B09QS9X16F,12999.0,ORD510,2024-03-04
B08HV25BBQ,1499.0,ORD511,2025-04-07
B09LJ116B5,16999.0,ORD512,2024-11-21
B0BMVWKZ8G,1999.0,ORD513,2023-06-23
B0BD92GDQH,4999.0,ORD514,2026-03-02
B08Y1SJVV5,99.0,ORD515,2023-04-04
B0B5GF6DQD,2499.0,ORD516,2026-10-03
B09JS94MBV,1399.0,ORD517,2026-11-26
B09YV463SW,1499.0,ORD518,2024-02-24
B07XLCFSSN,899.0,ORD519,2024-02-09
B09NL4DCXK,249.0,ORD520,2025-07-30
B0B8CHJLWJ,299.0,ORD521,2026-04-24
B0B8ZWNR5T,79.0,ORD522,2025-09-02
B0BBFJLP21,13999.0,ORD523,2024-01-11
B01F262EUU,949.0,ORD524,2024-12-03
B09VZBGL1N,99.0,ORD525,2024-05-12
B0BNVBJW2S,2499.0,ORD526,2026-05-14
B0B2DJ5RVQ,689.0,ORD527,2026-12-09
B096TWZRJC,499.0,ORD528,2026-10-21
B09GP6FBZT,299.0,ORD529,2025-01-08
B0B3DV7S9B,209.0,ORD530,2024-02-24
B09MKP344P,8499.0,ORD531,2024-08-08
B08JW1GVS7,2179.0,ORD532,2026-05-27
B09LHZSMRR,16999.0,ORD533,2026-10-30
B0B5V47VK4,44999.0,ORD534,2025-11-12
B08H21B6V7,2599.0,ORD535,2024-04-05
B09BNXQ6BR,2799.0,ORD536,2024-12-20
B01FSYQ2A4,1399.0,ORD537,2026-10-10
B08L5FM4JC,649.0,ORD538,2025-12-11
B0B54Y2SNX,799.0,ORD539,2025-09-25
B08BQ947H3,149.0,ORD540,2025-03-26
B082T6V3DT,799.0,ORD541,2023-04-15
B0B7DHSKS7,3799.0,ORD542,2024-10-02
B09SJ1FTYV,199.0,ORD543,2026-11-19
B09XJ5LD6L,23999.0,ORD544,2023-11-24
B07WHS7MZ1,29990.0,ORD545,2024-08-29
B0BBVKRP7B,281.0,ORD546,2026-06-23
B09NY7W8YD,7998.0,ORD547,2026-12-09
B0BMM7R92G,249.0,ORD548,2023-06-19
B08M66K48D,299.0,ORD549,2023-06-16
B09RFB2SJQ,499.0,ORD550,2026-08-26
B0B82YGCF6,899.0,ORD551,2025-07-28
B08HF4W2CT,1599.0,ORD552,2024-08-17
B08BCKN299,120.0,ORD553,2026-11-16
B0B2X35B1K,3999.0,ORD554,2026-05-29
B09QS9CWLV,12999.0,ORD555,2025-04-13
B0B1NX6JTN,1599.0,ORD556,2025-04-14
B078G6ZF5Z,699.0,ORD557,2026-02-12
B0BBW521YC,99.0,ORD558,2025-05-10
B09HSKYMB3,7915.0,ORD559,2023-12-01
B09YV42QHZ,1499.0,ORD560,2025-01-11
B09BF8JBWX,1055.0,ORD561,2026-05-28
B0B5YBGCKD,150.0,ORD562,2026-06-24
B01GGKYKQM,219.0,ORD563,2023-04-11
B09MY4W73Q,474.0,ORD564,2024-02-20
B08R69VDHT,115.0,ORD565,2023-08-10
B09T37CKQ5,239.0,ORD566,2026-04-17
B09GFPN6TP,7499.0,ORD567,2023-06-24
B0B298D54H,265.0,ORD568,2024-08-28
B08VB57558,37990.0,ORD569,2025-02-19
B09CMP1SC8,199.0,ORD570,2025-04-28
B09YLXYP7Y,179.0,ORD571,2025-12-26
B0B9BXKBC7,1799.0,ORD572,2025-10-08
B09NY6TRXG,8499.0,ORD573,2023-05-06
B09NVPJ3P4,1999.0,ORD574,2026-03-08
B0B3NDPCS9,3999.0,ORD575,2024-09-16
B09VGKFM7Y,219.0,ORD576,2024-12-31
B07QCWY5XV,599.0,ORD577,2026-03-25
B098QXR9X2,2499.0,ORD578,2024-11-27
B07H1S7XW8,89.0,ORD579,2026-02-18
B0BNXFDTZ2,2999.0,ORD580,2023-11-18
B088ZFJY82,314.0,ORD581,2024-03-24
B0B4F4QZ1H,13999.0,ORD582,2024-12-10
B09BCNQ9R2,139.0,ORD583,2026-08-07
B0B9BD2YL4,2599.0,ORD584,2023-01-04
B071Z8M4KX,365.0,ORD585,2024-12-01
B09N3ZNHTY,1499.0,ORD586,2026-06-16
B0B3RRWSF6,1998.0,ORD587,2026-04-10
B0B5B6PQCT,1799.0,ORD588,2025-05-06
B005FYNT3G,289.0,ORD589,2025-06-21
B01J0XWYKQ,599.0,ORD590,2024-09-19
B09CTRPSJR,217.0,ORD591,2025-06-21
B08JQN8DGZ,1299.0,ORD592,2025-04-14
B0B72BSW7K,263.0,ORD593,2024-08-27
B0BDRVFDKP,569.0,ORD594,2025-05-19
B0B5LVS732,1999.0,ORD595,2026-11-04
B08TV2P1N8,1399.0,ORD596,2026-02-07
B07XCM6T4N,349.0,ORD597,2026-09-15
B07T5DKR5D,149.0,ORD598,2023-04-11
B01DEWVZ2C,599.0,ORD599,2024-11-25
B07PR1CL3S,1220.0,ORD600,2025-04-25
B09V12K8NT,1499.0,ORD601,2024-11-02
B07JQKQ91F,499.0,ORD602,2025-11-25
B08W56G1K9,99.0,ORD603,2023-08-26
B07WG8PDCW,349.0,ORD604,2026-06-21
B01L8ZNWN2,475.0,ORD605,2023-09-08
B009VCGPSY,269.0,ORD606,2024-01-28
B0B296NTFV,299.0,ORD607,2025-02-05
B09NVPSCQT,1599.0,ORD608,2026-07-29
B09YV4RG4D,1499.0,ORD609,2023-01-22
B07TCN5VR9,329.0,ORD610,2024-03-05
B00ZYLMQH0,549.0,ORD611,2026-06-07
B09YV4MW2T,2199.0,ORD612,2024-02-05
B01HJI0FS2,299.0,ORD613,2026-03-23
B076B8G5D8,798.0,ORD614,2025-10-03
B07JW9H4J1,399.0,ORD615,2026-02-17
B014SZO90Y,266.0,ORD616,2026-11-10
B07KCMR8D6,50.0,ORD617,2026-11-14
B00N1U9AJS,130.0,ORD618,2024-02-01
B07KY3FNQP,449.0,ORD619,2026-10-02
B0B3N7LR6K,3999.0,ORD620,2024-08-09
B07QZ3CZ48,399.0,ORD621,2025-10-16
B09T3H12GV,1399.0,ORD622,2025-08-08
B098NS6PVG,199.0,ORD623,2026-01-07
B096MSW6CT,199.0,ORD624,2025-04-10
B09ZQK9X8G,2998.0,ORD625,2023-07-19
B08ZJDWTJ1,4098.0,ORD626,2026-03-03
B08FTFXNNB,499.0,ORD627,2024-11-30
B08YDFX7Y1,299.0,ORD628,2026-04-09
B08HDJ86NZ,329.0,ORD629,2024-03-27
B087FXHB6J,699.0,ORD630,2023-05-19
B07N42JB4S,799.0,ORD631,2025-01-24
B0B31BYXQQ,1399.0,ORD632,2026-08-30
B08CF3B7N1,154.0,ORD633,2026-10-01
B07SLMR1K6,519.0,ORD634,2024-01-23
B09MQSCJQ1,2299.0,ORD635,2026-02-23
B094YFFSMY,399.0,ORD636,2024-12-19
B092X94QNQ,1499.0,ORD637,2026-05-06
B0846D5CBP,1295.0,ORD638,2025-11-07
B00KXULGJQ,1889.0,ORD639,2024-12-10
B08H9Z3XQW,455.0,ORD640,2024-03-23
B08LPJZSSW,399.0,ORD641,2023-12-17
B09MT84WV5,1059.0,ORD642,2024-10-26
B08Y1TFSP6,149.0,ORD643,2023-11-22
B08CYPB15D,717.0,ORD644,2024-02-29
B085HY1DGR,99.0,ORD645,2023-06-14
B00MFPCY5C,39.0,ORD646,2026-04-16
B07JJFSG2B,889.0,ORD647,2027-01-03
B09NR6G588,1199.0,ORD648,2024-10-26
B07JPX9CR7,569.0,ORD649,2024-11-04
B08D11DZ2W,1499.0,ORD650,2024-04-07
B07Q7561HD,149.0,ORD651,2025-01-23
B0819HZPXL,399.0,ORD652,2026-03-05
B00LXTFMRS,191.0,ORD653,2025-01-17
B0B9LDCX89,129.0,ORD654,2023-02-16
B0765B3TH7,199.0,ORD655,2025-10-09
B0B1F6GQPS,999.0,ORD656,2024-10-01
B07LG59NPV,899.0,ORD657,2025-07-18
B07RD611Z8,1799.0,ORD658,2023-12-04
B08WRWPM22,176.63,ORD659,2026-03-27
B00AXHBBXU,522.0,ORD660,2025-06-05
B08MCD9JFY,799.0,ORD661,2023-10-16
B083RCTXLL,681.0,ORD662,2023-04-26
B08HLZ28QC,1199.0,ORD663,2024-09-28
B07GVR9TG7,2499.0,ORD664,2024-02-14
B0856HY85J,1799.0,ORD665,2026-04-13
B07CD2BN46,429.0,ORD666,2024-05-13
B07PLHTTB4,100.0,ORD667,2024-09-14
B077T3BG5L,329.0,ORD668,2026-09-18
B08DDRGWTJ,229.0,ORD669,2024-08-08
B079Y6JZC8,139.0,ORD670,2023-05-27
B0856HNMR7,1199.0,ORD671,2025-02-11
B0B12K5BPM,1049.0,ORD672,2024-10-05
B08MTCKDYN,119.0,ORD673,2025-12-08
B08CF3D7QR,154.0,ORD674,2026-01-05
B00LVMTA2A,225.0,ORD675,2023-10-21
B07TR5HSR9,656.0,ORD676,2023-04-27
B0819ZZK5K,1109.0,ORD677,2023-04-20
B096VF5YYF,2999.0,ORD678,2023-06-29
B08QJJCY2Q,169.0,ORD679,2024-07-15
B07L5L4GTB,309.0,ORD680,2025-12-31
B07L8KNP5F,599.0,ORD681,2026-12-28
B08CF4SCNP,299.0,ORD682,2026-08-02
B09XX51X2G,449.0,ORD683,2024-05-30
B01M72LILF,799.0,ORD684,2023-03-16
B07KSMBL2H,219.0,ORD685,2024-05-05
B00LZLQ624,157.0,ORD686,2026-09-07
B07DJLFMPS,369.0,ORD687,2026-05-17
B09GB5B4BK,599.0,ORD688,2025-12-02
B015ZXUDD0,479.0,ORD689,2023-01-29
B085DTN6R2,350.0,ORD690,2026-12-05
B09PL79D2X,1598.0,ORD691,2025-05-05
B098K3H92Z,599.0,ORD692,2026-04-19
B09KLVMZ3B,159.0,ORD693,2023-11-01
B084PJSSQ1,1299.0,ORD694,2025-02-16
B097R25DP7,1599.0,ORD695,2026-07-06
B097C564GC,294.0,ORD696,2026-10-28
B08CYNJ5KY,828.0,ORD697,2025-05-26
B00Y4ORQ46,745.0,ORD698,2025-05-07
B074CWD7MS,1549.0,ORD699,2026-11-05
B083342NKJ,349.0,ORD700,2025-06-04
B09C6HXFC1,970.0,ORD701,2024-09-04
B00A0VCJPI,1469.0,ORD702,2023-04-01
B00UGZWM2I,198.0,ORD703,2025-12-28
B00R1P3B4O,549.0,ORD704,2024-09-09
B0B3MWYCHQ,2999.0,ORD705,2023-01-13
B09DG9VNWB,12000.0,ORD706,2023-08-14
B09Y5MP7C4,1299.0,ORD707,2024-02-26
B01DJJVFPC,269.0,ORD708,2023-06-17
B07DFYJRQV,799.0,ORD709,2025-07-17
B08L879JSN,6299.0,ORD710,2026-11-03
B08TDJNM3G,59.0,ORD711,2026-08-06
B06XSK3XL6,571.0,ORD712,2025-07-11
B07YNTJ8ZM,549.0,ORD713,2023-04-10
B09KGV7WSV,2099.0,ORD714,2026-05-26
B08DPLCM6T,13490.0,ORD715,2023-11-03
B07KR5P3YD,448.0,ORD716,2023-12-11
B08FB2LNSZ,1499.0,ORD717,2026-05-19
B01IBRHE3E,299.0,ORD718,2025-01-04
B01N6LU1VF,579.0,ORD719,2026-07-22
B07XLML2YS,2499.0,ORD720,2026-12-04
B086WMSCN3,1199.0,ORD721,2025-07-09
B003B00484,399.0,ORD722,2026-06-12
B085194JFL,279.0,ORD723,2023-10-12
B09F6S8BT6,13490.0,ORD724,2023-06-22
B003L62T7W,279.0,ORD725,2023-10-29
B09P18XVW6,2499.0,ORD726,2025-04-02
B00LZLPYHW,137.0,ORD727,2023-01-01
B09NHVCHS9,59.0,ORD728,2023-05-19
B00NNQMYNE,299.0,ORD729,2024-12-08
B0B217Z5VK,1799.0,ORD730,2024-03-17
B07B88KQZ8,1999.0,ORD731,2025-07-04
B01M4GGIVU,199.0,ORD732,2026-04-01
B07Z3K96FR,399.0,ORD733,2023-02-20
B0756CLQWL,1699.0,ORD734,2023-08-31
B004IO5BMQ,699.0,ORD735,2025-05-20
B09Z6WH2N1,95.0,ORD736,2023-01-21
B01HGCLUH6,1149.0,ORD737,2024-11-14
B01N4EV2TL,1495.0,ORD738,2024-09-22
B08MZQBFLN,849.0,ORD739,2023-05-09
B0752LL57V,440.0,ORD740,2024-01-01
B08K4PSZ3V,349.0,ORD741,2023-04-16
B09Z28BQZT,599.0,ORD742,2023-08-14
B094DQWV9B,149.0,ORD743,2026-02-16
B0BBMPH39N,289.0,ORD744,2024-06-29
B097JQ1J5G,179.0,ORD745,2023-06-01
B07YY1BY5B,1499.0,ORD746,2025-11-28
B08VRMK55F,399.0,ORD747,2023-09-24
B08CHZ3ZQ7,599.0,ORD748,2025-10-27
B08SCCG9D4,949.0,ORD749,2026-07-10
B0972BQ2RS,2499.0,ORD750,2024-09-06
B00ZRBWPA0,159.0,ORD751,2023-11-28
B0B2DD66GS,1329.0,ORD752,2026-10-26
B09M869Z5V,570.0,ORD753,2026-09-27
B07W6VWZ8C,899.0,ORD754,2026-11-07
B07Z1X6VFC,449.0,ORD755,2024-01-06
B07YL54NVJ,549.0,ORD756,2024-11-21
B0759QMF85,1529.0,ORD757,2026-07-06
B00LM4X0KU,100.0,ORD758,2026-09-18
B08PFSZ7FH,299.0,ORD759,2024-10-31
B012MQS060,1295.0,ORD760,2024-09-19
B01MF8MB65,699.0,ORD761,2025-08-26
B00LHZWD0C,252.0,ORD762,2024-01-25
B08QDPB1SL,190.0,ORD763,2024-09-20
B07BRKK9JQ,1299.0,ORD764,2023-07-01
B01EZ0X3L8,729.0,ORD765,2023-08-24
B00LM4W1N2,480.0,ORD766,2023-07-13
B0949SBKMP,1799.0,ORD767,2024-08-14
B08YD264ZS,999.0,ORD768,2025-12-22
B094JNXNPV,299.0,ORD769,2023-11-29
B00GZLB57U,238.0,ORD770,2024-07-13
B07V82W5CN,1349.0,ORD771,2024-08-11
B077Z65HSD,299.0,ORD772,2023-05-01
B08HD7JQHX,199.0,ORD773,2023-12-12
B0B31FR4Y2,1999.0,ORD774,2024-06-09
B09Y14JLP3,99.0,ORD775,2023-08-11
B09ZHCJDP1,499.0,ORD776,2023-08-25
B08C4Z69LN,1792.0,ORD777,2023-04-16
B016XVRKZM,3299.0,ORD778,2026-05-22
B00LHZW3XY,125.0,ORD779,2024-09-04
B098JYT4SY,399.0,ORD780,2025-07-11
B08CFCK6CW,1199.0,ORD781,2026-03-28
B09P564ZTJ,235.0,ORD782,2026-11-14
B07MSLTW8Z,549.0,ORD783,2023-05-24
B09N6TTHT6,89.0,ORD784,2025-08-17
B09W5XR9RT,970.0,ORD785,2025-11-27
B098R25TGC,1299.0,ORD786,2023-04-06
B0B2PQL5N3,230.0,ORD787,2023-12-19
B07DKZCZ89,119.0,ORD788,2024-05-11
B08GYG6T12,449.0,ORD789,2023-07-28
B09BN2NPBD,1699.0,ORD790,2023-10-16
B00J4YG0PC,561.0,ORD791,2023-03-04
B073BRXPZX,289.0,ORD792,2024-01-30
B08LHTJTBB,599.0,ORD793,2024-02-01
B07VTFN6HM,5599.0,ORD794,2026-12-08
B008QS9J6Y,1990.0,ORD795,2023-12-13
B09M8888DM,499.0,ORD796,2023-05-31
B07Z1YVP72,449.0,ORD797,2024-02-08
B082FTPRSK,999.0,ORD798,2024-01-25
B09RF2QXGX,69.0,ORD799,2025-03-15
B01KK0HU3Y,899.0,ORD800,2024-08-18
B07JF9B592,478.0,ORD801,2023-05-08
B086394NY5,1399.0,ORD802,2026-10-04
B00NH11PEY,199.0,ORD803,2024-04-05
B017PDR9N0,149.0,ORD804,2026-03-24
B07NC12T2R,1799.0,ORD805,2026-01-12
B07WKBD37W,425.0,ORD806,2026-03-05
B08JMC1988,999.0,ORD807,2026-04-19
B09GFN8WZL,378.0,ORD808,2024-08-15
B095X38CJS,99.0,ORD809,2024-02-18
B07ZKD8T1Q,1499.0,ORD810,2025-10-21
B07G3YNLJB,1815.0,ORD811,2024-12-20
B00P93X2H6,67.0,ORD812,2024-07-27
B0798PJPCL,1889.0,ORD813,2023-11-20
B09GFWJDY1,499.0,ORD814,2026-03-14
B09MZ6WZ6V,499.0,ORD815,2023-04-27
B094QZLJQ6,5799.0,ORD816,2025-01-11
B07L3NDN24,499.0,ORD817,2025-04-04
B08WD18LJZ,249.0,ORD818,2026-09-04
B09CMM3VGK,179.0,ORD819,2025-08-10
B06XDKWLJH,4449.0,ORD820,2024-07-14
B01J1CFO5I,299.0,ORD821,2026-03-15
B07J2NGB69,629.0,ORD822,2024-05-07
B00MUTWLW4,2595.0,ORD823,2026-04-29
B08QSC1XY8,389.0,ORD824,2023-03-21
B017NC2IPM,1799.0,ORD825,2025-01-12
B00N1U7JXM,90.0,ORD826,2026-05-15
B08HQL67D6,599.0,ORD827,2024-02-22
B09RKFBCV7,1999.0,ORD828,2025-07-01
B08KHM9VBJ,2099.0,ORD829,2023-08-17
B01IOZUHRS,179.0,ORD830,2026-09-04
B00CEQEGPI,1345.0,ORD831,2024-01-02
B08B6XWQ1C,349.0,ORD832,2023-01-08
B01DGVKBC6,287.0,ORD833,2024-05-24
B008FWZGSG,599.0,ORD834,2025-03-01
B08JD36C6H,349.0,ORD835,2023-06-08
B00E3DVQFS,879.0,ORD836,2026-03-25
B0B4HJNPV4,199.0,ORD837,2024-05-10
B00BN5SNF0,250.0,ORD838,2024-09-18
B09SGGRKV8,199.0,ORD839,2024-06-07
B07XLCFSSN,899.0,ORD840,2025-03-09
B09RZS1NQT,199.0,ORD841,2023-04-01
B084BR3QX8,149.0,ORD842,2023-10-18
B09VC2D2WG,469.0,ORD843,2024-07-20
B09163Q5CD,1187.0,ORD844,2024-11-06
B08K9PX15C,849.0,ORD845,2025-12-31
B083RD1J99,328.0,ORD846,2025-05-27
B09Z7YGV3R,269.0,ORD847,2024-09-16
B00N3XLDW0,299.0,ORD848,2024-02-26
B07Z53L5QL,549.0,ORD849,2025-12-28
B00P93X0VO,114.0,ORD850,2024-03-13
B07SBGFDX9,120.0,ORD851,2025-11-03
B09C6HWG18,970.0,ORD852,2023-04-12
B00NH11KIK,209.0,ORD853,2025-02-26
B07X2L5Z8C,1490.0,ORD854,2026-07-12
B00VA7YYUO,99.0,ORD855,2025-05-14
B07L9FW9GF,149.0,ORD856,2026-05-06
B08D64C9FN,575.0,ORD857,2024-01-16
B07XJYYH7L,333.0,ORD858,2023-04-11
B00LOD70SC,178.0,ORD859,2026-11-10
B09X76VL5L,1599.0,ORD860,2025-02-04
B091JF2TFD,499.0,ORD861,2026-03-27
B07S7DCJKS,199.0,ORD862,2025-06-20
B09NC2TY11,2499.0,ORD863,2023-08-19
B0BDS8MY8J,199.0,ORD864,2024-05-19
B09X7DY7Q4,939.0,ORD865,2024-10-24
B09YV575RK,2499.0,ORD866,2025-11-20
B08LW31NQ6,1439.0,ORD867,2023-09-13
B09ND94ZRG,1099.0,ORD868,2024-06-15
B00P93X6EK,157.0,ORD869,2024-10-22
B07KRCW6LZ,999.0,ORD870,2025-05-24
B0994GP1CX,115.0,ORD871,2024-08-09
B07H8W9PB6,175.0,ORD872,2023-05-04
B09NNHFSSF,1999.0,ORD873,2026-05-23
B08D9NDZ1Y,3999.0,ORD874,2023-11-13
B0085IATT6,899.0,ORD875,2025-01-11
B08WJ86PV2,299.0,ORD876,2026-06-28
B078HRR1XV,3303.0,ORD877,2024-11-12
B09P22HXH6,1890.0,ORD878,2023-07-08
B00LM4X3XE,90.0,ORD879,2026-05-18
B09YLFHFDW,1599.0,ORD880,2024-11-22
B07YWS9SP9,599.0,ORD881,2026-08-13
B002PD61Y4,507.0,ORD882,2023-03-01
B08WLY8V9S,425.0,ORD883,2024-05-05
B0873L7J6X,1499.0,ORD884,2024-06-25
B07YNHCW6N,549.0,ORD885,2023-08-14
B07232M876,199.0,ORD886,2026-06-16
B01MQ2A86A,1295.0,ORD887,2024-01-18
B00KIE28X0,310.0,ORD888,2023-08-05
B08BQ947H3,149.0,ORD889,2026-07-20
B0BHYJ8CVF,1149.0,ORD890,2025-05-17
B0BCVJ3PVP,499.0,ORD891,2026-04-06
B0B2931FCV,999.0,ORD892,2024-05-23
B09TMZ1MF8,1709.0,ORD893,2025-12-25
B07VV37FT4,250.0,ORD894,2026-05-09
B07P681N66,1199.0,ORD895,2026-11-09
B07JB2Y4SR,90.0,ORD896,2026-01-16
B08KRMK9LZ,2025.0,ORD897,2026-10-23
B08LT9BMPP,1495.0,ORD898,2024-03-23
B082T6V3DT,799.0,ORD899,2024-02-15
B0814ZY6FP,899.0,ORD900,2024-12-30
B09F3PDDRF,349.0,ORD901,2026-10-01
B07X963JNS,900.0,ORD902,2026-03-04
B09LD3116F,2490.0,ORD903,2023-08-05
B08Y5QJTVK,116.0,ORD904,2024-04-08
B00LY1FN1K,200.0,ORD905,2026-01-30
B07DJ5KYDZ,1249.0,ORD906,2026-08-14
B009LJ2BXA,649.0,ORD907,2025-12-03
B09BVCVTBC,2649.0,ORD908,2026-02-08
B0BFWGBX61,199.0,ORD909,2024-01-10
B07SY4C3TD,596.0,ORD910,2025-07-04
B094JB13XL,2499.0,ORD911,2025-01-21
B08CRRQK6Z,4999.0,ORD912,2026-10-21
B08MTLLSL8,399.0,ORD913,2024-06-07
B08Y57TPDM,116.0,ORD914,2025-07-18
B09CYTJV3N,4499.0,ORD915,2023-04-30
B07GLNJC25,330.0,ORD916,2023-10-10
B08FY4FG5X,649.0,ORD917,2024-07-14
B07TMCXRFV,1234.0,ORD918,2026-05-08
B01FSYQ2A4,1399.0,ORD919,2023-08-28
B00LZPQVMK,272.0,ORD920,2024-11-25
B08X77LM8C,99.0,ORD921,2024-08-31
B01EJ5MM5M,3498.0,ORD922,2023-12-23
B08J82K4GX,10099.0,ORD923,2024-08-22
B07Z1Z77ZZ,449.0,ORD924,2026-11-30
B00DJ5N9VK,150.0,ORD925,2024-05-29
B0B4DT8MKT,348.0,ORD926,2026-07-12
B08FGNPQ9X,1199.0,ORD927,2026-07-14
B07NTKGW45,397.0,ORD928,2023-09-19
B08CDKQ8T6,154.0,ORD929,2026-08-11
B08J4PL1Z3,699.0,ORD930,2025-07-23
B07XJWTYM2,1679.0,ORD931,2024-09-04
B09939XJX8,354.0,ORD932,2024-03-25
B09MDCZJXS,1199.0,ORD933,2024-07-25
B08CTQP51L,379.0,ORD934,2025-06-20
B0BG62HMDJ,499.0,ORD935,2023-09-19
B08GTYFC37,10389.0,ORD936,2023-02-08
B08SBH499M,649.0,ORD937,2023-03-30
B08FYB5HHK,1199.0,ORD938,2026-09-26
B0994GFWBH,139.0,ORD939,2024-01-06
B0B5GJRTHB,889.0,ORD940,2026-07-13
B09GBBJV72,1409.0,ORD941,2026-03-02
B07P434WJY,549.0,ORD942,2025-08-03
B07T9FV9YP,749.0,ORD943,2025-11-14
B01GGKZ0V6,329.0,ORD944,2026-11-11
B08WKFSN84,379.0,ORD945,2026-07-15
B09TBCVJS3,5998.0,ORD946,2024-02-02
B08TR61BVK,299.0,ORD947,2024-04-29
B0B2CPVXHX,379.0,ORD948,2023-03-23
B08XNL93PL,1399.0,ORD949,2026-03-24
B088GXTJM3,699.0,ORD950,2024-03-17
B099S26HWG,300.0,ORD951,2026-03-15
B08461VC1Z,999.0,ORD952,2024-09-05
B00K32PEW4,535.0,ORD953,2026-06-22
B09F9YQQ7B,13999.0,ORD954,2024-04-14
B07LFWP97N,269.0,ORD955,2023-07-03
B0746N6WML,341.0,ORD956,2026-05-05
B07W9KYT62,2499.0,ORD957,2023-04-22
B0B5ZF3NRK,349.0,ORD958,2026-06-04
B08D9MNH4B,5899.0,ORD959,2025-02-18
B078G6ZF5Z,699.0,ORD960,2023-04-08
B09MKG4ZCM,1565.0,ORD961,2023-08-27
B07RZZ1QSW,326.0,ORD962,2024-02-08
B08BCKN299,120.0,ORD963,2025-11-01
B07222HQKP,657.0,ORD964,2025-09-20
B00NFD0ETQ,1995.0,ORD965,2026-01-26
B075DB1F13,1500.0,ORD966,2026-10-07
B0148NPH9I,2640.0,ORD967,2023-10-29
B01JOFKL0A,5299.0,ORD968,2025-02-13
B09Q8HMKZX,263.0,ORD969,2024-08-24
B079S811J3,1990.0,ORD970,2024-05-08
B0083T231O,1289.0,ORD971,2024-07-04
B086PXQ2R4,165.0,ORD972,2023-02-21
B07L1N3TJX,1699.0,ORD973,2025-11-06
B07YFWVRCM,2299.0,ORD974,2025-02-10
B01GGKYKQM,219.0,ORD975,2024-03-06
B08TDJ5BVF,39.0,ORD976,2026-12-08
B09XXZXQC1,26999.0,ORD977,2025-02-09
B083T5G5PM,1490.0,ORD978,2024-10-07
B0BHVPTM2C,398.0,ORD979,2026-11-02
B0B86CDHL1,349.0,ORD980,2025-02-22
B01NBX5RSB,770.0,ORD981,2025-04-26
B08MWJTST6,279.0,ORD982,2026-12-14
B07R99NBVB,249.0,ORD983,2023-06-30
B08R69VDHT,115.0,ORD984,2026-10-15
B00LY12TH6,230.0,ORD985,2023-09-21
B09RWZRCP1,399.0,ORD986,2024-11-22
B08497Z1MQ,599.0,ORD987,2026-10-14
B07KNM95JK,598.0,ORD988,2025-01-31
B09Q3M3WLJ,399.0,ORD989,2025-08-05
B09B9SPC7F,499.0,ORD990,2024-11-26
B09CMP1SC8,199.0,ORD991,2024-09-17
B099SD8PRP,579.0,ORD992,2024-01-31
B09YLXYP7Y,179.0,ORD993,2024-03-27
B00S2SEV7K,90.0,ORD994,2026-08-28
B08WKCTFF3,899.0,ORD995,2024-05-22
B08498D67S,1149.0,ORD996,2026-06-30
B00C3GBCIS,249.0,ORD997,2024-05-19
B00URH5E34,39.0,ORD998,2026-02-15
B00EYW1U68,1599.0,ORD999,2024-01-07
B08SMJT55F,1199.0,ORD1000,2026-04-24
B0B2DJDCPX,209.0,ORD1001,2023-12-16
B08Y7MXFMK,1099.0,ORD1002,2024-09-06
B086Q3QMFS,120.0,ORD1003,2025-06-26
B08498H13H,1519.0,ORD1004,2026-06-14
B07LFQLKFZ,420.0,ORD1005,2023-01-04
B00LY17RHI,225.0,ORD1006,2023-06-15
B07W14CHV8,199.0,ORD1007,2026-11-16
B0B9BXKBC7,1799.0,ORD1008,2026-01-07
B09F5Z694W,8349.0,ORD1009,2025-08-27
B0B25LQQPC,3307.0,ORD1010,2024-06-07
B07GVGTSLN,325.0,ORD1011,2025-02-23
B01LYLJ99X,449.0,ORD1012,2025-12-20
B014SZPBM4,380.0,ORD1013,2024-09-27
B08CZHGHKH,499.0,ORD1014,2023-04-14
B0B2RBP83P,37247.0,ORD1015,2024-11-30
B078W65FJ7,849.0,ORD1016,2023-05-10
B08S74GTBT,799.0,ORD1017,2026-08-01
B0B9BD2YL4,2599.0,ORD1018,2024-03-24
B0BMXMLSMM,199.0,ORD1019,2025-05-03
B0141EZMAI,269.0,ORD1020,2025-06-23
B07QMRHWJD,298.0,ORD1021,2026-11-20
B07W7Z6DVL,1499.0,ORD1022,2024-04-21
B07WMS7TWB,649.0,ORD1023,2024-01-09
B00H47GVGY,1199.0,ORD1024,2025-04-29
B07VX71FZP,1199.0,ORD1025,2024-03-15
B07NCKMXVZ,455.0,ORD1026,2025-11-05
B0B61DSF17,199.0,ORD1027,2023-05-12
B07VQGVL68,293.0,ORD1028,2026-02-04
B01LWYDEQ7,199.0,ORD1029,2024-04-17
B07VNFP3C2,749.0,ORD1030,2023-08-02
B00LUGTJGO,1399.0,ORD1031,2026-08-01
B01MQZ7J8K,749.0,ORD1032,2025-05-29
B01GFTEV5Y,1699.0,ORD1033,2025-04-13
B00NW4UWN6,1043.0,ORD1034,2025-04-24
B01NCVJMKX,499.0,ORD1035,2026-07-15
B00O24PUO6,1464.0,ORD1036,2026-07-29
B07GXPDLYQ,249.0,ORD1037,2026-10-15
B01C8P29N0,625.0,ORD1038,2025-05-08
B08KDBLMQP,1290.0,ORD1039,2025-01-19
B078JDNZJ8,3600.0,ORD1040,2026-12-13
B01M5F614J,6549.0,ORD1041,2025-10-19
B083GKDRKR,1625.0,ORD1042,2024-10-18
B097R2V1W8,2599.0,ORD1043,2026-07-05
B07YR26BJ3,1199.0,ORD1044,2024-06-12
B097R45BH8,5499.0,ORD1045,2024-06-29
B09X5C9VLK,1299.0,ORD1046,2025-11-23
B01C8P29T4,599.0,ORD1047,2026-04-11
B00HVXS7WC,1999.0,ORD1048,2025-03-19
B096YCN3SD,549.0,ORD1049,2023-11-25
B09LQH3SD9,999.0,ORD1050,2023-07-25
B09KNMLH4Y,398.0,ORD1051,2026-02-04
B00ABMASXG,539.0,ORD1052,2024-08-18
B07QDSN9V6,699.0,ORD1053,2025-01-24
B00YMJ0OI8,2148.0,ORD1054,2026-12-11
B0B8XNPQPN,3599.0,ORD1055,2025-07-08
B0814P4L98,351.0,ORD1056,2023-11-21
B008QTK47Q,1614.0,ORD1057,2026-12-10
B088ZTJT2R,719.0,ORD1058,2024-10-24
B0BK1K598K,678.0,ORD1059,2025-12-24
B09Y5FZK9N,809.0,ORD1060,2026-08-04
B09J2SCVQT,1969.0,ORD1061,2023-03-21
B00TDD0YM4,1490.0,ORD1062,2023-03-25
B078KRFWQB,2499.0,ORD1063,2025-02-22
B07SRM58TP,1665.0,ORD1064,2025-03-30
B00EDJJ7FS,3229.0,ORD1065,2026-11-21
B0832W3B7Q,1799.0,ORD1066,2024-11-16
B07WNK1FFN,1260.0,ORD1067,2025-10-31
B009P2LK08,749.0,ORD1068,2025-04-28
B07DGD4Z4C,3499.0,ORD1069,2025-12-30
B07GMFY9QM,379.0,ORD1070,2023-01-22
B0BGPN4GGH,1099.0,ORD1071,2026-09-22
B0B2DZ5S6R,749.0,ORD1072,2026-09-06
B07S851WX5,1299.0,ORD1073,2026-02-27
B01MY839VW,549.0,ORD1074,2025-05-14
B09LV1CMGH,899.0,ORD1075,2023-12-30
B01EY310UM,1321.0,ORD1076,2025-10-16
B09NL7LBWT,1099.0,ORD1077,2024-04-11
B008YW8M0G,775.0,ORD1078,2023-12-05
B097R3XH9R,6299.0,ORD1079,2024-11-28
B08TM71L54,3190.0,ORD1080,2026-12-01
B0BPBXNQQT,799.0,ORD1081,2025-06-30
B00W56GLOQ,2699.0,ORD1082,2026-09-13
B0883KDSXC,599.0,ORD1083,2026-07-31
B078V8R9BS,749.0,ORD1084,2023-08-05
B08GSQXLJ2,6199.0,ORD1085,2023-11-10
B01M5B0TPW,1819.0,ORD1086,2025-04-06
B082KVTRW8,1199.0,ORD1087,2023-08-05
B08CFJBZRK,3249.0,ORD1088,2023-09-27
B07H3WDC4X,349.0,ORD1089,2023-03-20
B09ZTZ9N3Q,1049.0,ORD1090,2026-08-17
B083P71WKK,799.0,ORD1091,2023-08-24
B097R4D42G,4999.0,ORD1092,2026-06-23
B07MKMFKPG,6999.0,ORD1093,2026-01-20
B0949FPSFY,799.0,ORD1094,2023-02-14
B08F47T4X5,89.0,ORD1095,2024-05-25
B01M0505SJ,1400.0,ORD1096,2026-12-08
B08D6RCM3Q,355.0,ORD1097,2023-04-21
B009P2LITG,2169.0,ORD1098,2024-06-24
B00V9NHDI4,2799.0,ORD1099,2023-02-19
B07WGPBXY9,899.0,ORD1100,2025-08-03
B00KRCBA6E,2499.0,ORD1101,2023-12-10
B0B3X2BY3M,3599.0,ORD1102,2025-12-01
B00F159RIK,499.0,ORD1103,2026-05-03
B08MV82R99,653.0,ORD1104,2025-08-01
B09VKWGZD7,4789.0,ORD1105,2023-10-01
B009P2LK80,1409.0,ORD1106,2025-11-10
B00A7PLVU6,753.0,ORD1107,2024-11-09
B0B25DJ352,353.0,ORD1108,2026-09-06
B013B2WGT6,1099.0,ORD1109,2023-08-25
B097RJ867P,8799.0,ORD1110,2024-10-24
B091V8HK8Z,1345.0,ORD1111,2023-03-21
B071VNHMX2,2095.0,ORD1112,2023-03-16
B08MVSGXMY,1498.0,ORD1113,2026-04-01
B00H0B29DI,2199.0,ORD1114,2024-11-09
B01GZSQJPA,3699.0,ORD1115,2025-10-11
B08VGFX2B6,177.0,ORD1116,2024-01-09
B09GYBZPHF,1149.0,ORD1117,2026-03-30
B0B4KPCBSH,244.0,ORD1118,2024-03-02
B09CGLY5CX,1959.0,ORD1119,2026-11-08
B09JN37WBX,319.0,ORD1120,2026-08-17
B01I1LDZGA,1499.0,ORD1121,2024-09-03
B0BN2576GQ,469.0,ORD1122,2025-01-31
B06XPYRWV5,1099.0,ORD1123,2025-05-21
B01N1XVVLC,9590.0,ORD1124,2023-11-01
B00O2R38C4,999.0,ORD1125,2026-11-08
B0B2CZTCL2,1299.0,ORD1126,2026-09-10
B00PVT30YI,292.0,ORD1127,2026-07-21
B00SH18114,160.0,ORD1128,2025-02-10
B00E9G8KOY,600.0,ORD1129,2024-04-16
B00H3H03Q4,1130.0,ORD1130,2023-10-13
B0756K5DYZ,3249.0,ORD1131,2024-09-06
B0188KPKB2,3599.0,ORD1132,2026-03-28
B091KNVNS9,368.0,ORD1133,2026-05-12
B075JJ5NQC,3199.0,ORD1134,2024-03-26
B0B5KZ3C53,1599.0,ORD1135,2026-09-02
B09NTHQRW3,1999.0,ORD1136,2024-10-09
B008YW3CYM,616.0,ORD1137,2024-11-22
B07QHHCB27,1499.0,ORD1138,2023-09-02
B0BMFD94VD,199.0,ORD1139,2024-08-08
B00HZIOGXW,610.0,ORD1140,2024-02-06
B09CKSYBLR,999.0,ORD1141,2023-09-01
B072J83V9W,8999.0,ORD1142,2024-06-17
B09MTLG4TP,453.0,ORD1143,2026-03-13
B097XJQZ8H,2464.0,ORD1144,2025-01-22
B00935MD1C,2719.0,ORD1145,2023-09-24
B0BR4F878Q,1439.0,ORD1146,2023-05-12
B0B3G5XZN5,2799.0,ORD1147,2025-09-26
B07WKB69RS,2088.0,ORD1148,2025-03-08
B09DL9978Y,2399.0,ORD1149,2026-05-04
B06XMZV7RH,308.0,ORD1150,2024-03-31
B09WMTJPG7,2599.0,ORD1151,2024-04-09
B09ZK6THRR,479.0,ORD1152,2023-08-15
B07MP21WJD,245.0,ORD1153,2024-03-21
B09XB1R2F3,179.0,ORD1154,2026-01-29
B08Y5QJXSR,3569.0,ORD1155,2023-05-15
B07WJXCTG9,699.0,ORD1156,2023-02-02
B09NBZ36F7,2089.0,ORD1157,2026-01-10
B0912WJ87V,2339.0,ORD1158,2024-01-10
B0BMTZ4T1D,784.0,ORD1159,2023-10-21
B07Z51CGGH,5499.0,ORD1160,2024-09-23
B0BDG6QDYD,899.0,ORD1161,2026-07-31
B00YQLG7GK,1695.0,ORD1162,2025-12-11
B00SMJPA9C,499.0,ORD1163,2023-01-09
B0B9RN5X8B,2699.0,ORD1164,2026-08-29
B08QW937WV,1448.0,ORD1165,2025-03-08
B0B4PPD89B,79.0,ORD1166,2024-10-30
B08GM5S4CQ,6990.0,ORD1167,2026-12-13
B00NM6MO26,2698.0,ORD1168,2023-07-06
B083M7WPZD,3199.0,ORD1169,2023-04-22
B07GLSKXS1,1199.0,ORD1170,2023-09-05
B09F6KL23R,1414.0,ORD1171,2025-10-01
B094G9L9LT,999.0,ORD1172,2025-10-28
B09FZ89DK6,5999.0,ORD1173,2025-06-27
B0811VCGL5,9970.0,ORD1174,2026-08-05
B07FXLC2G2,698.0,ORD1175,2025-01-17
B01LYU3BZF,2199.0,ORD1176,2023-03-17
B083RC4WFJ,320.0,ORD1177,2026-05-30
B09SFRNKSR,298.0,ORD1178,2025-11-30
B07NRTCDS5,1199.0,ORD1179,2025-10-21
B07SPVMSC6,1399.0,ORD1180,2023-08-01
B09H3BXWTK,599.0,ORD1181,2026-02-07
B0073QGKAS,1499.0,ORD1182,2024-08-27
B08GJ57MKL,14400.0,ORD1183,2026-05-14
B009DA69W6,1699.0,ORD1184,2026-04-04
B099PR2GQJ,649.0,ORD1185,2024-03-07
B08G8H8DPL,3249.0,ORD1186,2024-07-27
B08VGM3YMF,199.0,ORD1187,2023-04-14
B08TTRVWKY,1099.0,ORD1188,2024-08-03
B07T4D9FNY,664.0,ORD1189,2024-05-09
B07RX42D3D,260.0,ORD1190,2025-08-30
B08WRKSF9D,6499.0,ORD1191,2025-06-06
B09R83SFYV,1484.0,ORD1192,2026-03-02
B07989VV5K,999.0,ORD1193,2024-09-09
B07FL3WRX5,3299.0,ORD1194,2024-07-02
B0BPCJM7TB,259.0,ORD1195,2023-12-03
B08H673XKN,3249.0,ORD1196,2024-04-11
B07DXRGWDJ,4280.0,ORD1197,2023-06-15
B08243SKCK,189.0,ORD1198,2025-01-04
B09SPTNG58,1449.0,ORD1199,2024-01-09
B083J64CBB,199.0,ORD1200,2026-08-08
B08JV91JTK,474.0,ORD1201,2026-04-24
B0BQ3K23Y1,279.0,ORD1202,2023-09-23
B09MT94QLL,1999.0,ORD1203,2023-02-20
B07NKNBTT3,799.0,ORD1204,2025-01-07
B09KPXTZXN,949.0,ORD1205,2026-04-15
B078HG2ZPS,3657.66,ORD1206,2024-06-08
B07N2MGB3G,1699.0,ORD1207,2024-05-14
B008LN8KDM,1849.0,ORD1208,2026-01-28
B08MZNT7GP,12499.0,ORD1209,2023-12-25
B009P2L7CO,1099.0,ORD1210,2025-11-26
B07YC8JHMB,8199.0,ORD1211,2026-08-03
B0BNQMF152,499.0,ORD1212,2026-03-17
B08J7VCT12,6999.0,ORD1213,2026-12-17
B0989W6J2F,1595.0,ORD1214,2024-03-04
B0B84KSH3X,1049.0,ORD1215,2023-02-05
B08HLC7Z3G,1182.0,ORD1216,2025-02-21
B0BN6M3TCM,499.0,ORD1217,2023-01-30
B01L6MT7E0,8799.0,ORD1218,2023-03-02
B0B9F9PT8R,1529.0,ORD1219,2025-10-13
B0883LQJ6B,1199.0,ORD1220,2026-09-23
B099Z83VRC,1052.0,ORD1221,2025-04-15
B00S9BSJC8,6499.0,ORD1222,2023-06-05
B0B4SJKRDF,239.0,ORD1223,2026-03-01
B0BM4KTNL1,699.0,ORD1224,2025-11-23
B08S6RKT4L,2599.0,ORD1225,2024-03-11
B09SZ5TWHW,1547.0,ORD1226,2026-12-06
B0BLC2BYPX,499.0,ORD1227,2026-06-06
B00P0R95EA,510.0,ORD1228,2023-02-26
B07W4HTS8Q,1899.0,ORD1229,2023-10-05
B078JBK4GX,2599.0,ORD1230,2024-11-10
B08S7V8YTN,1199.0,ORD1231,2026-09-16
B07H5PBN54,999.0,ORD1232,2024-06-25
B07YCBSCYB,1999.0,ORD1233,2023-08-30
B098T9CJVQ,210.0,ORD1234,2025-07-14
B01KCSGBU2,14499.0,ORD1235,2025-08-15
B095XCRDQW,950.0,ORD1236,2023-04-25
B09CTWFV5W,7199.0,ORD1237,2026-07-20
B0B7NWGXS6,2439.0,ORD1238,2024-03-24
B07DZ986Q2,7799.0,ORD1239,2024-09-27
B07KKJPTWB,1599.0,ORD1240,2023-01-14
B071R3LHFM,2899.0,ORD1241,2025-02-08
B086X18Q71,9799.0,ORD1242,2023-09-16
B07WVQG8WZ,3299.0,ORD1243,2023-05-28
B0BFBNXS94,669.0,ORD1244,2024-05-15
B071113J7M,5890.0,ORD1245,2025-08-03
B09YLWT89W,9199.0,ORD1246,2026-07-30
B0814LP6S9,351.0,ORD1247,2024-01-07
B07BKSSDR2,899.0,ORD1248,2026-03-10
B09VGS66FV,1349.0,ORD1249,2026-06-19
B07RCGTZ4M,6236.0,ORD1250,2025-08-18
B0747VDH9L,2742.0,ORD1251,2023-09-15
B08XLR6DSB,721.0,ORD1252,2026-12-15
B08H6CZSHT,2903.0,ORD1253,2023-10-16
B07CVR2L5K,1656.0,ORD1254,2026-08-01
B09J4YQYX3,1399.0,ORD1255,2024-11-29
B0B2DD8BQ8,2079.0,ORD1256,2024-12-07
B0123P3PWE,999.0,ORD1257,2025-01-02
B08HDCWDXD,3179.0,ORD1258,2025-12-25
B0836JGZ74,1049.0,ORD1259,2026-05-14
B0BCKJJN8R,3599.0,ORD1260,2023-12-06
B008P7IF02,4799.0,ORD1261,2024-07-13
B08CNLYKW5,1699.0,ORD1262,2024-08-16
B08C7TYHPB,664.0,ORD1263,2024-02-25
B08VJFYH6N,948.0,ORD1264,2026-05-08
B08235JZFB,850.0,ORD1265,2026-08-26
B078XFKBZL,600.0,ORD1266,2024-10-11
B01M265AAK,3711.0,ORD1267,2025-02-25
B0B694PXQJ,799.0,ORD1268,2026-03-27
B00B3VFJY2,980.0,ORD1269,2024-11-24
B08W9BK4MD,351.0,ORD1270,2025-08-14
B09X5HD5T1,229.0,ORD1271,2024-07-08
B08H6B3G96,3349.0,ORD1272,2024-04-11
B09N3BFP4M,5499.0,ORD1273,2024-10-04
B09DSQXCM8,299.0,ORD1274,2025-03-08
B01M69WCZ6,2249.0,ORD1275,2024-02-06
B0BM9H2NY9,699.0,ORD1276,2023-02-05
B099FDW2ZF,1235.0,ORD1277,2025-06-07
B0B935YNR7,1349.0,ORD1278,2026-07-23
B07JGCGNDG,6800.0,ORD1279,2023-12-22
B08L12N5H1,2099.0,ORD1280,2025-05-27
B07GWTWFS2,1699.0,ORD1281,2025-02-27
B09KRHXTLN,1069.0,ORD1282,2026-03-01
B09H34V36W,1349.0,ORD1283,2023-03-23
B09J2QCKKM,1499.0,ORD1284,2025-07-29
B09XRBJ94N,2092.0,ORD1285,2023-02-08
B07SLNG3LW,3859.0,ORD1286,2025-12-02
B0BNDGL26T,499.0,ORD1287,2025-08-28
B095PWLLY6,1804.0,ORD1288,2024-07-03
B07Y9PY6Y1,6525.0,ORD1289,2023-12-29
B0BJ966M5K,4999.0,ORD1290,2024-07-06
B086GVRP63,1189.0,ORD1291,2026-12-30
B08MVXPTDG,2590.0,ORD1292,2024-02-11
B0BMZ6SY89,899.0,ORD1293,2024-11-08
B09P1MFKG1,998.0,ORD1294,2025-03-14
B01LY9W8AF,998.06,ORD1295,2024-06-26
B07ZJND9B9,1099.0,ORD1296,2025-09-11
B0B2CWRDB1,5999.0,ORD1297,2023-08-28
B072NCN9M4,8886.0,ORD1298,2024-01-30
B08SKZ2RMG,475.0,ORD1299,2026-03-17
B0B53DS4TF,4995.0,ORD1300,2025-04-25
B08BJN4MP3,13999.0,ORD1301,2023-03-02
B0BCYQY9X5,8499.0,ORD1302,2023-01-25
B009UORDX4,949.0,ORD1303,2023-06-10
B08VGDBF3B,395.0,ORD1304,2026-10-20
B012ELCYUG,635.0,ORD1305,2026-08-12
B07S9M8YTY,717.0,ORD1306,2025-06-03
B0B19VJXQZ,27900.0,ORD1307,2026-02-02
B00SMFPJG0,649.0,ORD1308,2026-11-07
B0BHYLCL19,193.0,ORD1309,2024-01-03
B0BPJBTB3F,1299.0,ORD1310,2023-04-27
B08MXJYB2V,2449.0,ORD1311,2023-01-17
B081B1JL35,1049.0,ORD1312,2025-08-06
B09VL9KFDB,2399.0,ORD1313,2023-08-07
B0B1MDZV9C,2286.0,ORD1314,2023-07-28
B08TT63N58,499.0,ORD1315,2025-03-25
B08YK7BBD2,429.0,ORD1316,2026-06-02
B07YQ5SN4H,299.0,ORD1317,2024-08-29
B0B7FJNSZR,5395.0,ORD1318,2023-06-22
B01N6IJG0F,559.0,ORD1319,2024-08-18
B0B84QN4CN,660.0,ORD1320,2026-02-17
B0B8ZM9RVV,419.0,ORD1321,2026-10-10
B01892MIPA,7349.0,ORD1322,2026-12-06
B08ZHYNTM1,2899.0,ORD1323,2023-10-29
B09SDDQQKP,1799.0,ORD1324,2025-09-21
B0B5RP43VN,1474.0,ORD1325,2026-09-23
B096NTB9XT,15999.0,ORD1326,2026-12-06
B078JF6X9B,3645.0,ORD1327,2024-03-08
B08CGW4GYR,375.0,ORD1328,2025-05-12
B00A328ENA,2976.0,ORD1329,2026-11-14
B0763K5HLQ,1099.0,ORD1330,2024-01-13
B09PDZNSBG,2575.0,ORD1331,2023-08-20
B085LPT5F4,1649.0,ORD1332,2025-01-07
B0B9RZ4G4W,799.0,ORD1333,2025-05-31
B0085W2MUQ,765.0,ORD1334,2025-09-21
B09474JWN6,999.0,ORD1335,2026-06-22
B09G2VTHQM,587.0,ORD1336,2025-12-25
B07R679HTT,12609.0,ORD1337,2023-03-10
B00B7GKXMG,699.0,ORD1338,2024-12-26
B07H3N8RJH,3799.0,ORD1339,2024-04-01
B07K2HVKLL,640.0,ORD1340,2024-01-06
B09MQ9PDHR,979.0,ORD1341,2025-07-18
B014HDJ7ZE,5365.0,ORD1342,2026-10-30
B07D2NMTTV,3199.0,ORD1343,2026-01-28
B075K76YW1,979.0,ORD1344,2023-03-13
B0BNLFQDG2,929.0,ORD1345,2024-05-28
B082ZQ4479,3710.0,ORD1346,2023-05-10
B09Y358DZQ,2033.0,ORD1347,2023-07-19
B09M3F4HGB,9495.0,ORD1348,2026-01-29
B07VZH6ZBB,7799.0,ORD1349,2024-08-12
B07F366Z51,949.0,ORD1350,2026-04-17
B077BTLQ67,2790.0,ORD1351,2026-12-06
B07YSJ7FF1,645.0,ORD1352,2023-04-07
B07TXCY3YK,2237.81,ORD1353,2023-12-21
B07TC9F7PN,8699.0,ORD1354,2026-08-18
B09NS5TKPN,42990.0,ORD1355,2023-04-11
B00LP9RFSU,825.0,ORD1356,2023-12-03
B0B7L86YCB,161.0,ORD1357,2023-04-23
B09VPH38JS,697.0,ORD1358,2026-06-12
B01MUAUOCX,688.0,ORD1359,2025-06-08
B09MB3DKG1,2199.0,ORD1360,2025-07-28
B08QHLXWV3,6850.0,ORD1361,2024-06-04
B07G147SZD,2699.0,ORD1362,2023-07-31
B09LH32678,899.0,ORD1363,2025-07-31
B09R1YFL6S,1090.0,ORD1364,2024-07-30
B07Q4NJQC5,295.0,ORD1365,2024-01-08
B097RN7BBK,479.0,ORD1366,2026-01-25
B097MKZHNV,2949.0,ORD1367,2025-05-25
B07LG96SDB,335.0,ORD1368,2024-01-25
B08KS2KQTK,293.0,ORD1369,2023-12-08
B095K14P86,599.0,ORD1370,2023-10-08
B08K36NZSV,499.0,ORD1371,2025-10-23
B07LDPLSZC,849.0,ORD1372,2024-05-24
B07F1T31ZZ,249.0,ORD1373,2025-10-18
B0BNDRK886,185.0,ORD1374,2026-02-06
B09ZVJXN5L,778.0,ORD1375,2023-07-23
B08JKPVDKL,279.0,ORD1376,2023-09-01
B09JFR8H3Q,215.0,ORD1377,2024-01-10
B07LDN9Q2P,889.0,ORD1378,2025-05-13
B08T8KWNQ9,1449.0,ORD1379,2023-03-07
B07Y1RCCW5,1190.0,ORD1380,2024-04-09
B0762HXMTF,1799.0,ORD1381,2024-01-06
B00K57MR22,6120.0,ORD1382,2023-07-30
B07TTSS5MP,1799.0,ORD1383,2026-11-23
B09ZDVL7L8,2199.0,ORD1384,2026-02-09
B09XHXXCFH,3685.0,ORD1385,2023-07-17
B0BL3R4RGS,649.0,ORD1386,2025-03-12
B07P1BR7L8,8599.0,ORD1387,2026-02-28
B078WB1VWJ,1110.0,ORD1388,2024-06-23
B0BP89YBC1,1499.0,ORD1389,2025-01-14
B09W9V2PXG,759.0,ORD1390,2024-01-11
B09XTQFFCG,2669.0,ORD1391,2026-03-17
B08LVVTGZK,929.0,ORD1392,2025-04-19
B07J2BQZD6,199.0,ORD1393,2025-03-08
B07HK53XM4,279.0,ORD1394,2026-12-14
B08RDWBYCQ,549.0,ORD1395,2025-01-07
B09FHHTL8L,85.0,ORD1396,2023-11-01
B0BHNHMR3H,499.0,ORD1397,2025-08-03
B07D8VBYB4,5865.0,ORD1398,2025-04-28
B0B3TBY2YX,1260.0,ORD1399,2023-07-04
B088WCFPQF,1099.0,ORD1400,2023-11-16
B07JZSG42Y,1928.0,ORD1401,2025-06-20
B08YRMBK9R,3249.0,ORD1402,2026-06-28
B00935MGHS,1199.0,ORD1403,2024-07-27
B07B5XJ572,1456.0,ORD1404,2026-02-04
B086199CWG,3349.0,ORD1405,2024-04-12
B0BBWJFK5C,4899.0,ORD1406,2026-07-21
B07GLS2563,1199.0,ORD1407,2023-02-15
B09P182Z2H,3290.0,ORD1408,2025-09-19
B0B59K1C8F,179.0,ORD1409,2025-11-12
B06Y36JKC3,149.0,ORD1410,2026-06-03
B075S9FVRY,5490.0,ORD1411,2025-02-12
B08SJVD8QD,379.0,ORD1412,2026-09-18
B07FJNNZCJ,8699.0,ORD1413,2023-06-20
B09MFR93KS,3041.67,ORD1414,2025-01-29
B07Y5FDPKV,1745.0,ORD1415,2024-02-05
B0756KCV5K,3180.0,ORD1416,2026-09-01
B0BJ6P3LSK,4999.0,ORD1417,2023-10-01
B09HS1NDRQ,390.0,ORD1418,2026-05-05
B018SJJ0GE,1999.0,ORD1419,2026-09-02
B09FPP3R1D,1624.0,ORD1420,2026-03-12
B01F7B2JCI,184.0,ORD1421,2025-05-27
B09NNZ1GF7,445.0,ORD1422,2023-07-01
B01CS4A5V4,699.0,ORD1423,2023-03-23
B0BL11S5QK,1601.0,ORD1424,2023-07-18
B09BL2KHQW,231.0,ORD1425,2023-01-29
B081RLM75M,369.0,ORD1426,2024-04-29
B07SYYVP69,809.0,ORD1427,2024-04-29
B0BDZWMGZ1,1199.0,ORD1428,2023-12-07
B078JT7LTD,6120.0,ORD1429,2024-05-13
B09WF4Q7B3,1799.0,ORD1430,2023-06-28
B092R48XXB,18999.0,ORD1431,2023-07-01
B00KIDSU8S,1999.0,ORD1432,2025-08-13
B0977CGNJJ,5999.0,ORD1433,2026-12-09
B08WWKM5HQ,2599.0,ORD1434,2026-03-12
B015GX9Y0W,1199.0,ORD1435,2026-12-27
B089BDBDGM,219.0,ORD1436,2024-09-24
B0BPBG712X,799.0,ORD1437,2026-11-06
B00JBNZPFM,6199.0,ORD1438,2025-12-16
B08N6P8G5K,6790.0,ORD1439,2024-03-25
B07NPBG1B4,1982.84,ORD1440,2025-08-23
B01MRARGBW,199.0,ORD1441,2023-05-24
B07VZYMQNZ,1180.0,ORD1442,2024-09-23
B01L7C4IU2,2199.0,ORD1443,2025-09-28
B09H7JDJCW,2999.0,ORD1444,2023-11-05
B07F6GXNPB,253.0,ORD1445,2023-10-16
B0B97D658R,499.0,ORD1446,2026-01-16
B09NFSHCWN,1149.0,ORD1447,2025-07-19
B076VQS87V,457.0,ORD1448,2023-02-21
B09LMMFW3S,229.0,ORD1449,2024-03-13
B0BBLHTRM9,199.0,ORD1450,2025-02-11
B0BJYSCWFQ,899.0,ORD1451,2026-05-01
B0187F2IOK,1499.0,ORD1452,2023-06-04
B0B8CB7MHW,426.0,ORD1453,2024-01-25
B07K19NYZ8,2320.0,ORD1454,2024-01-14
B08ZXZ362Z,1563.0,ORD1455,2025-05-06
B00GHL8VP2,3487.77,ORD1456,2023-10-01
B0B9JZW1SQ,498.0,ORD1457,2023-11-09
B00TI8E7BI,2695.0,ORD1458,2023-06-10
B07J9KXQCC,949.0,ORD1459,2026-06-19
B0B3JSWG81,199.0,ORD1460,2023-12-04
B08L7J3T31,379.0,ORD1461,2023-03-15
B01M6453MB,2280.0,ORD1462,2025-01-10
B009P2LIL4,2219.0,ORD1463,2026-12-10
B00J5DYCCA,1399.0,ORD1464,2023-12-17
B01486F4G6,2863.0,ORD1465,2026-09-15
